Workbook

Sheet TFN_REF
A1: TABEL REFERENSI TFN – Digunakan oleh Formula di Sheet DF1–DF7
A2: SKALA 1–5 (Enterprise Strategy, Goals, Role of IT, Risk Profile)
A3: No | B3: Skor | C3: a | D3: b | E3: c | F3: Label Singkat | G3: Label Lengkap
A4: 1 | B4: 1 | C4: 0 | D4: 0 | E4: 0.25 | F4: Sangat Rendah | G4: Sangat Rendah (SR)
A5: 2 | B5: 2 | C5: 0 | D5: 0.25 | E5: 0.5 | F5: Rendah | G5: Rendah (R)
A6: 3 | B6: 3 | C6: 0.25 | D6: 0.5 | E6: 0.75 | F6: Sedang | G6: Sedang (S)
A7: 4 | B7: 4 | C7: 0.5 | D7: 0.75 | E7: 1 | F7: Tinggi | G7: Tinggi (T)
A8: 5 | B8: 5 | C8: 0.75 | D8: 1 | E8: 1 | F8: Sangat Tinggi | G8: Sangat Tinggi (ST)
A10: SKALA 1–3 (IT-Related Issues)
A11: No | B11: Skor | C11: a | D11: b | E11: c | F11: Label Singkat | G11: Label Lengkap
A12: 1 | B12: 1 | C12: 0 | D12: 0 | E12: 0.5 | F12: No Issue | G12: Tidak Ada Masalah
A13: 2 | B13: 2 | C13: 0 | D13: 0.5 | E13: 1 | F13: Issue | G13: Ada Masalah
A14: 3 | B14: 3 | C14: 0.5 | D14: 1 | E14: 1 | F14: Serious Issue | G14: Masalah Serius

Sheet DF1
A1: Design Factor 1 — Enterprise Strategy (Strategi Perusahaan)
A2: Skala 1–5: 1=Sangat Rendah 2=Rendah 3=Sedang 4=Tinggi 5=Sangat Tinggi
A3: Item | B3: R1 | C3: R2 | D3: a₁ | E3: b₁ | F3: c₁ | G3: a₂ | H3: b₂ | I3: c₂ | J3: aₐᵥ (a₁+a₂)÷2 | K3: bₐᵥ (b₁+b₂)÷2 | L3: cₐᵥ (c₁+c₂)÷2 | M3: Centroid (a+b+c)÷3 | N3: Nilai Akhir 1+(C×4 atau 2) | O3: Dibulatkan | P3: Label
A4: Growth / Acquisition (Pertumbuhan) | B4: 5 | C4: 5 | D4: =ROUND(INDEX(TFN_REF!$C$4:$C$8,MATCH(B4,TFN_REF!$B$4:$B$8,0)),2) -> 0.75 | E4: =ROUND(INDEX(TFN_REF!$D$4:$D$8,MATCH(B4,TFN_REF!$B$4:$B$8,0)),2) -> 1 | F4: =ROUND(INDEX(TFN_REF!$E$4:$E$8,MATCH(B4,TFN_REF!$B$4:$B$8,0)),2) -> 1 | G4: =ROUND(INDEX(TFN_REF!$C$4:$C$8,MATCH(C4,TFN_REF!$B$4:$B$8,0)),2) -> 0.75 | H4: =ROUND(INDEX(TFN_REF!$D$4:$D$8,MATCH(C4,TFN_REF!$B$4:$B$8,0)),2) -> 1 | I4: =ROUND(INDEX(TFN_REF!$E$4:$E$8,MATCH(C4,TFN_REF!$B$4:$B$8,0)),2) -> 1 | J4: =ROUND((D4+G4)/2,2) -> 0.75 | K4: =ROUND((E4+H4)/2,2) -> 1 | L4: =ROUND((F4+I4)/2,2) -> 1 | M4: =ROUND((J4+K4+L4)/3,2) -> 0.92 | N4: =ROUND(1+(M4*4),2) -> 4.68 | O4: =ROUND(N4,0) -> 5 | P4: =INDEX(TFN_REF!$F$4:$F$8,MATCH(O4,TFN_REF!$B$4:$B$8,0)) -> Sangat Tinggi
A5: Innovation / Differentiation (Inovasi) | B5: 4 | C5: 1 | D5: =ROUND(INDEX(TFN_REF!$C$4:$C$8,MATCH(B5,TFN_REF!$B$4:$B$8,0)),2) -> 0.5 | E5: =ROUND(INDEX(TFN_REF!$D$4:$D$8,MATCH(B5,TFN_REF!$B$4:$B$8,0)),2) -> 0.75 | F5: =ROUND(INDEX(TFN_REF!$E$4:$E$8,MATCH(B5,TFN_REF!$B$4:$B$8,0)),2) -> 1 | G5: =ROUND(INDEX(TFN_REF!$C$4:$C$8,MATCH(C5,TFN_REF!$B$4:$B$8,0)),2) -> 0 | H5: =ROUND(INDEX(TFN_REF!$D$4:$D$8,MATCH(C5,TFN_REF!$B$4:$B$8,0)),2) -> 0 | I5: =ROUND(INDEX(TFN_REF!$E$4:$E$8,MATCH(C5,TFN_REF!$B$4:$B$8,0)),2) -> 0.25 | J5: =ROUND((D5+G5)/2,2) -> 0.25 | K5: =ROUND((E5+H5)/2,2) -> 0.38 | L5: =ROUND((F5+I5)/2,2) -> 0.63 | M5: =ROUND((J5+K5+L5)/3,2) -> 0.42 | N5: =ROUND(1+(M5*4),2) -> 2.68 | O5: =ROUND(N5,0) -> 3 | P5: =INDEX(TFN_REF!$F$4:$F$8,MATCH(O5,TFN_REF!$B$4:$B$8,0)) -> Sedang
A6: Cost Leadership (Efisiensi Biaya) | B6: 1 | C6: 1 | D6: =ROUND(INDEX(TFN_REF!$C$4:$C$8,MATCH(B6,TFN_REF!$B$4:$B$8,0)),2) -> 0 | E6: =ROUND(INDEX(TFN_REF!$D$4:$D$8,MATCH(B6,TFN_REF!$B$4:$B$8,0)),2) -> 0 | F6: =ROUND(INDEX(TFN_REF!$E$4:$E$8,MATCH(B6,TFN_REF!$B$4:$B$8,0)),2) -> 0.25 | G6: =ROUND(INDEX(TFN_REF!$C$4:$C$8,MATCH(C6,TFN_REF!$B$4:$B$8,0)),2) -> 0 | H6: =ROUND(INDEX(TFN_REF!$D$4:$D$8,MATCH(C6,TFN_REF!$B$4:$B$8,0)),2) -> 0 | I6: =ROUND(INDEX(TFN_REF!$E$4:$E$8,MATCH(C6,TFN_REF!$B$4:$B$8,0)),2) -> 0.25 | J6: =ROUND((D6+G6)/2,2) -> 0 | K6: =ROUND((E6+H6)/2,2) -> 0 | L6: =ROUND((F6+I6)/2,2) -> 0.25 | M6: =ROUND((J6+K6+L6)/3,2) -> 0.08 | N6: =ROUND(1+(M6*4),2) -> 1.32 | O6: =ROUND(N6,0) -> 1 | P6: =INDEX(TFN_REF!$F$4:$F$8,MATCH(O6,TFN_REF!$B$4:$B$8,0)) -> Sangat Rendah
A7: Client Service / Stability (Layanan Pelanggan) | B7: 1 | C7: 4 | D7: =ROUND(INDEX(TFN_REF!$C$4:$C$8,MATCH(B7,TFN_REF!$B$4:$B$8,0)),2) -> 0 | E7: =ROUND(INDEX(TFN_REF!$D$4:$D$8,MATCH(B7,TFN_REF!$B$4:$B$8,0)),2) -> 0 | F7: =ROUND(INDEX(TFN_REF!$E$4:$E$8,MATCH(B7,TFN_REF!$B$4:$B$8,0)),2) -> 0.25 | G7: =ROUND(INDEX(TFN_REF!$C$4:$C$8,MATCH(C7,TFN_REF!$B$4:$B$8,0)),2) -> 0.5 | H7: =ROUND(INDEX(TFN_REF!$D$4:$D$8,MATCH(C7,TFN_REF!$B$4:$B$8,0)),2) -> 0.75 | I7: =ROUND(INDEX(TFN_REF!$E$4:$E$8,MATCH(C7,TFN_REF!$B$4:$B$8,0)),2) -> 1 | J7: =ROUND((D7+G7)/2,2) -> 0.25 | K7: =ROUND((E7+H7)/2,2) -> 0.38 | L7: =ROUND((F7+I7)/2,2) -> 0.63 | M7: =ROUND((J7+K7+L7)/3,2) -> 0.42 | N7: =ROUND(1+(M7*4),2) -> 2.68 | O7: =ROUND(N7,0) -> 3 | P7: =INDEX(TFN_REF!$F$4:$F$8,MATCH(O7,TFN_REF!$B$4:$B$8,0)) -> Sedang

Sheet DF2
A1: Design Factor 2 — Enterprise Goals (Tujuan Perusahaan)
A2: Skala 1–5: 1=Sangat Rendah 2=Rendah 3=Sedang 4=Tinggi 5=Sangat Tinggi
A3: Item | B3: R1 | C3: R2 | D3: a₁ | E3: b₁ | F3: c₁ | G3: a₂ | H3: b₂ | I3: c₂ | J3: aₐᵥ (a₁+a₂)÷2 | K3: bₐᵥ (b₁+b₂)÷2 | L3: cₐᵥ (c₁+c₂)÷2 | M3: Centroid (a+b+c)÷3 | N3: Nilai Akhir 1+(C×4 atau 2) | O3: Dibulatkan | P3: Label
A4: EG01 – Portfolio produk & layanan kompetitif | B4: 5 | C4: 4 | D4: =ROUND(INDEX(TFN_REF!$C$4:$C$8,MATCH(B4,TFN_REF!$B$4:$B$8,0)),2) -> 0.75 | E4: =ROUND(INDEX(TFN_REF!$D$4:$D$8,MATCH(B4,TFN_REF!$B$4:$B$8,0)),2) -> 1 | F4: =ROUND(INDEX(TFN_REF!$E$4:$E$8,MATCH(B4,TFN_REF!$B$4:$B$8,0)),2) -> 1 | G4: =ROUND(INDEX(TFN_REF!$C$4:$C$8,MATCH(C4,TFN_REF!$B$4:$B$8,0)),2) -> 0.5 | H4: =ROUND(INDEX(TFN_REF!$D$4:$D$8,MATCH(C4,TFN_REF!$B$4:$B$8,0)),2) -> 0.75 | I4: =ROUND(INDEX(TFN_REF!$E$4:$E$8,MATCH(C4,TFN_REF!$B$4:$B$8,0)),2) -> 1 | J4: =ROUND((D4+G4)/2,2) -> 0.63 | K4: =ROUND((E4+H4)/2,2) -> 0.88 | L4: =ROUND((F4+I4)/2,2) -> 1 | M4: =ROUND((J4+K4+L4)/3,2) -> 0.84 | N4: =ROUND(1+(M4*4),2) -> 4.36 | O4: =ROUND(N4,0) -> 4 | P4: =INDEX(TFN_REF!$F$4:$F$8,MATCH(O4,TFN_REF!$B$4:$B$8,0)) -> Tinggi
A5: EG02 – Manajemen risiko bisnis | B5: 5 | C5: 5 | D5: =ROUND(INDEX(TFN_REF!$C$4:$C$8,MATCH(B5,TFN_REF!$B$4:$B$8,0)),2) -> 0.75 | E5: =ROUND(INDEX(TFN_REF!$D$4:$D$8,MATCH(B5,TFN_REF!$B$4:$B$8,0)),2) -> 1 | F5: =ROUND(INDEX(TFN_REF!$E$4:$E$8,MATCH(B5,TFN_REF!$B$4:$B$8,0)),2) -> 1 | G5: =ROUND(INDEX(TFN_REF!$C$4:$C$8,MATCH(C5,TFN_REF!$B$4:$B$8,0)),2) -> 0.75 | H5: =ROUND(INDEX(TFN_REF!$D$4:$D$8,MATCH(C5,TFN_REF!$B$4:$B$8,0)),2) -> 1 | I5: =ROUND(INDEX(TFN_REF!$E$4:$E$8,MATCH(C5,TFN_REF!$B$4:$B$8,0)),2) -> 1 | J5: =ROUND((D5+G5)/2,2) -> 0.75 | K5: =ROUND((E5+H5)/2,2) -> 1 | L5: =ROUND((F5+I5)/2,2) -> 1 | M5: =ROUND((J5+K5+L5)/3,2) -> 0.92 | N5: =ROUND(1+(M5*4),2) -> 4.68 | O5: =ROUND(N5,0) -> 5 | P5: =INDEX(TFN_REF!$F$4:$F$8,MATCH(O5,TFN_REF!$B$4:$B$8,0)) -> Sangat Tinggi
A6: EG03 – Kepatuhan hukum & regulasi eksternal | B6: 5 | C6: 5 | D6: =ROUND(INDEX(TFN_REF!$C$4:$C$8,MATCH(B6,TFN_REF!$B$4:$B$8,0)),2) -> 0.75 | E6: =ROUND(INDEX(TFN_REF!$D$4:$D$8,MATCH(B6,TFN_REF!$B$4:$B$8,0)),2) -> 1 | F6: =ROUND(INDEX(TFN_REF!$E$4:$E$8,MATCH(B6,TFN_REF!$B$4:$B$8,0)),2) -> 1 | G6: =ROUND(INDEX(TFN_REF!$C$4:$C$8,MATCH(C6,TFN_REF!$B$4:$B$8,0)),2) -> 0.75 | H6: =ROUND(INDEX(TFN_REF!$D$4:$D$8,MATCH(C6,TFN_REF!$B$4:$B$8,0)),2) -> 1 | I6: =ROUND(INDEX(TFN_REF!$E$4:$E$8,MATCH(C6,TFN_REF!$B$4:$B$8,0)),2) -> 1 | J6: =ROUND((D6+G6)/2,2) -> 0.75 | K6: =ROUND((E6+H6)/2,2) -> 1 | L6: =ROUND((F6+I6)/2,2) -> 1 | M6: =ROUND((J6+K6+L6)/3,2) -> 0.92 | N6: =ROUND(1+(M6*4),2) -> 4.68 | O6: =ROUND(N6,0) -> 5 | P6: =INDEX(TFN_REF!$F$4:$F$8,MATCH(O6,TFN_REF!$B$4:$B$8,0)) -> Sangat Tinggi
A7: EG04 – Kualitas informasi keuangan | B7: 5 | C7: 5 | D7: =ROUND(INDEX(TFN_REF!$C$4:$C$8,MATCH(B7,TFN_REF!$B$4:$B$8,0)),2) -> 0.75 | E7: =ROUND(INDEX(TFN_REF!$D$4:$D$8,MATCH(B7,TFN_REF!$B$4:$B$8,0)),2) -> 1 | F7: =ROUND(INDEX(TFN_REF!$E$4:$E$8,MATCH(B7,TFN_REF!$B$4:$B$8,0)),2) -> 1 | G7: =ROUND(INDEX(TFN_REF!$C$4:$C$8,MATCH(C7,TFN_REF!$B$4:$B$8,0)),2) -> 0.75 | H7: =ROUND(INDEX(TFN_REF!$D$4:$D$8,MATCH(C7,TFN_REF!$B$4:$B$8,0)),2) -> 1 | I7: =ROUND(INDEX(TFN_REF!$E$4:$E$8,MATCH(C7,TFN_REF!$B$4:$B$8,0)),2) -> 1 | J7: =ROUND((D7+G7)/2,2) -> 0.75 | K7: =ROUND((E7+H7)/2,2) -> 1 | L7: =ROUND((F7+I7)/2,2) -> 1 | M7: =ROUND((J7+K7+L7)/3,2) -> 0.92 | N7: =ROUND(1+(M7*4),2) -> 4.68 | O7: =ROUND(N7,0) -> 5 | P7: =INDEX(TFN_REF!$F$4:$F$8,MATCH(O7,TFN_REF!$B$4:$B$8,0)) -> Sangat Tinggi
A8: EG05 – Budaya layanan pelanggan | B8: 5 | C8: 5 | D8: =ROUND(INDEX(TFN_REF!$C$4:$C$8,MATCH(B8,TFN_REF!$B$4:$B$8,0)),2) -> 0.75 | E8: =ROUND(INDEX(TFN_REF!$D$4:$D$8,MATCH(B8,TFN_REF!$B$4:$B$8,0)),2) -> 1 | F8: =ROUND(INDEX(TFN_REF!$E$4:$E$8,MATCH(B8,TFN_REF!$B$4:$B$8,0)),2) -> 1 | G8: =ROUND(INDEX(TFN_REF!$C$4:$C$8,MATCH(C8,TFN_REF!$B$4:$B$8,0)),2) -> 0.75 | H8: =ROUND(INDEX(TFN_REF!$D$4:$D$8,MATCH(C8,TFN_REF!$B$4:$B$8,0)),2) -> 1 | I8: =ROUND(INDEX(TFN_REF!$E$4:$E$8,MATCH(C8,TFN_REF!$B$4:$B$8,0)),2) -> 1 | J8: =ROUND((D8+G8)/2,2) -> 0.75 | K8: =ROUND((E8+H8)/2,2) -> 1 | L8: =ROUND((F8+I8)/2,2) -> 1 | M8: =ROUND((J8+K8+L8)/3,2) -> 0.92 | N8: =ROUND(1+(M8*4),2) -> 4.68 | O8: =ROUND(N8,0) -> 5 | P8: =INDEX(TFN_REF!$F$4:$F$8,MATCH(O8,TFN_REF!$B$4:$B$8,0)) -> Sangat Tinggi
A9: EG06 – Keberlangsungan & ketersediaan layanan | B9: 5 | C9: 5 | D9: =ROUND(INDEX(TFN_REF!$C$4:$C$8,MATCH(B9,TFN_REF!$B$4:$B$8,0)),2) -> 0.75 | E9: =ROUND(INDEX(TFN_REF!$D$4:$D$8,MATCH(B9,TFN_REF!$B$4:$B$8,0)),2) -> 1 | F9: =ROUND(INDEX(TFN_REF!$E$4:$E$8,MATCH(B9,TFN_REF!$B$4:$B$8,0)),2) -> 1 | G9: =ROUND(INDEX(TFN_REF!$C$4:$C$8,MATCH(C9,TFN_REF!$B$4:$B$8,0)),2) -> 0.75 | H9: =ROUND(INDEX(TFN_REF!$D$4:$D$8,MATCH(C9,TFN_REF!$B$4:$B$8,0)),2) -> 1 | I9: =ROUND(INDEX(TFN_REF!$E$4:$E$8,MATCH(C9,TFN_REF!$B$4:$B$8,0)),2) -> 1 | J9: =ROUND((D9+G9)/2,2) -> 0.75 | K9: =ROUND((E9+H9)/2,2) -> 1 | L9: =ROUND((F9+I9)/2,2) -> 1 | M9: =ROUND((J9+K9+L9)/3,2) -> 0.92 | N9: =ROUND(1+(M9*4),2) -> 4.68 | O9: =ROUND(N9,0) -> 5 | P9: =INDEX(TFN_REF!$F$4:$F$8,MATCH(O9,TFN_REF!$B$4:$B$8,0)) -> Sangat Tinggi
A10: EG07 – Kualitas informasi manajemen | B10: 5 | C10: 4 | D10: =ROUND(INDEX(TFN_REF!$C$4:$C$8,MATCH(B10,TFN_REF!$B$4:$B$8,0)),2) -> 0.75 | E10: =ROUND(INDEX(TFN_REF!$D$4:$D$8,MATCH(B10,TFN_REF!$B$4:$B$8,0)),2) -> 1 | F10: =ROUND(INDEX(TFN_REF!$E$4:$E$8,MATCH(B10,TFN_REF!$B$4:$B$8,0)),2) -> 1 | G10: =ROUND(INDEX(TFN_REF!$C$4:$C$8,MATCH(C10,TFN_REF!$B$4:$B$8,0)),2) -> 0.5 | H10: =ROUND(INDEX(TFN_REF!$D$4:$D$8,MATCH(C10,TFN_REF!$B$4:$B$8,0)),2) -> 0.75 | I10: =ROUND(INDEX(TFN_REF!$E$4:$E$8,MATCH(C10,TFN_REF!$B$4:$B$8,0)),2) -> 1 | J10: =ROUND((D10+G10)/2,2) -> 0.63 | K10: =ROUND((E10+H10)/2,2) -> 0.88 | L10: =ROUND((F10+I10)/2,2) -> 1 | M10: =ROUND((J10+K10+L10)/3,2) -> 0.84 | N10: =ROUND(1+(M10*4),2) -> 4.36 | O10: =ROUND(N10,0) -> 4 | P10: =INDEX(TFN_REF!$F$4:$F$8,MATCH(O10,TFN_REF!$B$4:$B$8,0)) -> Tinggi
A11: EG08 – Optimalisasi proses bisnis internal | B11: 5 | C11: 5 | D11: =ROUND(INDEX(TFN_REF!$C$4:$C$8,MATCH(B11,TFN_REF!$B$4:$B$8,0)),2) -> 0.75 | E11: =ROUND(INDEX(TFN_REF!$D$4:$D$8,MATCH(B11,TFN_REF!$B$4:$B$8,0)),2) -> 1 | F11: =ROUND(INDEX(TFN_REF!$E$4:$E$8,MATCH(B11,TFN_REF!$B$4:$B$8,0)),2) -> 1 | G11: =ROUND(INDEX(TFN_REF!$C$4:$C$8,MATCH(C11,TFN_REF!$B$4:$B$8,0)),2) -> 0.75 | H11: =ROUND(INDEX(TFN_REF!$D$4:$D$8,MATCH(C11,TFN_REF!$B$4:$B$8,0)),2) -> 1 | I11: =ROUND(INDEX(TFN_REF!$E$4:$E$8,MATCH(C11,TFN_REF!$B$4:$B$8,0)),2) -> 1 | J11: =ROUND((D11+G11)/2,2) -> 0.75 | K11: =ROUND((E11+H11)/2,2) -> 1 | L11: =ROUND((F11+I11)/2,2) -> 1 | M11: =ROUND((J11+K11+L11)/3,2) -> 0.92 | N11: =ROUND(1+(M11*4),2) -> 4.68 | O11: =ROUND(N11,0) -> 5 | P11: =INDEX(TFN_REF!$F$4:$F$8,MATCH(O11,TFN_REF!$B$4:$B$8,0)) -> Sangat Tinggi
A12: EG09 – Optimalisasi biaya proses bisnis | B12: 3 | C12: 5 | D12: =ROUND(INDEX(TFN_REF!$C$4:$C$8,MATCH(B12,TFN_REF!$B$4:$B$8,0)),2) -> 0.25 | E12: =ROUND(INDEX(TFN_REF!$D$4:$D$8,MATCH(B12,TFN_REF!$B$4:$B$8,0)),2) -> 0.5 | F12: =ROUND(INDEX(TFN_REF!$E$4:$E$8,MATCH(B12,TFN_REF!$B$4:$B$8,0)),2) -> 0.75 | G12: =ROUND(INDEX(TFN_REF!$C$4:$C$8,MATCH(C12,TFN_REF!$B$4:$B$8,0)),2) -> 0.75 | H12: =ROUND(INDEX(TFN_REF!$D$4:$D$8,MATCH(C12,TFN_REF!$B$4:$B$8,0)),2) -> 1 | I12: =ROUND(INDEX(TFN_REF!$E$4:$E$8,MATCH(C12,TFN_REF!$B$4:$B$8,0)),2) -> 1 | J12: =ROUND((D12+G12)/2,2) -> 0.5 | K12: =ROUND((E12+H12)/2,2) -> 0.75 | L12: =ROUND((F12+I12)/2,2) -> 0.88 | M12: =ROUND((J12+K12+L12)/3,2) -> 0.71 | N12: =ROUND(1+(M12*4),2) -> 3.84 | O12: =ROUND(N12,0) -> 4 | P12: =INDEX(TFN_REF!$F$4:$F$8,MATCH(O12,TFN_REF!$B$4:$B$8,0)) -> Tinggi
A13: EG10 – Keterampilan & motivasi staf | B13: 5 | C13: 5 | D13: =ROUND(INDEX(TFN_REF!$C$4:$C$8,MATCH(B13,TFN_REF!$B$4:$B$8,0)),2) -> 0.75 | E13: =ROUND(INDEX(TFN_REF!$D$4:$D$8,MATCH(B13,TFN_REF!$B$4:$B$8,0)),2) -> 1 | F13: =ROUND(INDEX(TFN_REF!$E$4:$E$8,MATCH(B13,TFN_REF!$B$4:$B$8,0)),2) -> 1 | G13: =ROUND(INDEX(TFN_REF!$C$4:$C$8,MATCH(C13,TFN_REF!$B$4:$B$8,0)),2) -> 0.75 | H13: =ROUND(INDEX(TFN_REF!$D$4:$D$8,MATCH(C13,TFN_REF!$B$4:$B$8,0)),2) -> 1 | I13: =ROUND(INDEX(TFN_REF!$E$4:$E$8,MATCH(C13,TFN_REF!$B$4:$B$8,0)),2) -> 1 | J13: =ROUND((D13+G13)/2,2) -> 0.75 | K13: =ROUND((E13+H13)/2,2) -> 1 | L13: =ROUND((F13+I13)/2,2) -> 1 | M13: =ROUND((J13+K13+L13)/3,2) -> 0.92 | N13: =ROUND(1+(M13*4),2) -> 4.68 | O13: =ROUND(N13,0) -> 5 | P13: =INDEX(TFN_REF!$F$4:$F$8,MATCH(O13,TFN_REF!$B$4:$B$8,0)) -> Sangat Tinggi
A14: EG11 – Kepatuhan terhadap kebijakan internal | B14: 5 | C14: 5 | D14: =ROUND(INDEX(TFN_REF!$C$4:$C$8,MATCH(B14,TFN_REF!$B$4:$B$8,0)),2) -> 0.75 | E14: =ROUND(INDEX(TFN_REF!$D$4:$D$8,MATCH(B14,TFN_REF!$B$4:$B$8,0)),2) -> 1 | F14: =ROUND(INDEX(TFN_REF!$E$4:$E$8,MATCH(B14,TFN_REF!$B$4:$B$8,0)),2) -> 1 | G14: =ROUND(INDEX(TFN_REF!$C$4:$C$8,MATCH(C14,TFN_REF!$B$4:$B$8,0)),2) -> 0.75 | H14: =ROUND(INDEX(TFN_REF!$D$4:$D$8,MATCH(C14,TFN_REF!$B$4:$B$8,0)),2) -> 1 | I14: =ROUND(INDEX(TFN_REF!$E$4:$E$8,MATCH(C14,TFN_REF!$B$4:$B$8,0)),2) -> 1 | J14: =ROUND((D14+G14)/2,2) -> 0.75 | K14: =ROUND((E14+H14)/2,2) -> 1 | L14: =ROUND((F14+I14)/2,2) -> 1 | M14: =ROUND((J14+K14+L14)/3,2) -> 0.92 | N14: =ROUND(1+(M14*4),2) -> 4.68 | O14: =ROUND(N14,0) -> 5 | P14: =INDEX(TFN_REF!$F$4:$F$8,MATCH(O14,TFN_REF!$B$4:$B$8,0)) -> Sangat Tinggi
A15: EG12 – Program transformasi digital | B15: 5 | C15: 5 | D15: =ROUND(INDEX(TFN_REF!$C$4:$C$8,MATCH(B15,TFN_REF!$B$4:$B$8,0)),2) -> 0.75 | E15: =ROUND(INDEX(TFN_REF!$D$4:$D$8,MATCH(B15,TFN_REF!$B$4:$B$8,0)),2) -> 1 | F15: =ROUND(INDEX(TFN_REF!$E$4:$E$8,MATCH(B15,TFN_REF!$B$4:$B$8,0)),2) -> 1 | G15: =ROUND(INDEX(TFN_REF!$C$4:$C$8,MATCH(C15,TFN_REF!$B$4:$B$8,0)),2) -> 0.75 | H15: =ROUND(INDEX(TFN_REF!$D$4:$D$8,MATCH(C15,TFN_REF!$B$4:$B$8,0)),2) -> 1 | I15: =ROUND(INDEX(TFN_REF!$E$4:$E$8,MATCH(C15,TFN_REF!$B$4:$B$8,0)),2) -> 1 | J15: =ROUND((D15+G15)/2,2) -> 0.75 | K15: =ROUND((E15+H15)/2,2) -> 1 | L15: =ROUND((F15+I15)/2,2) -> 1 | M15: =ROUND((J15+K15+L15)/3,2) -> 0.92 | N15: =ROUND(1+(M15*4),2) -> 4.68 | O15: =ROUND(N15,0) -> 5 | P15: =INDEX(TFN_REF!$F$4:$F$8,MATCH(O15,TFN_REF!$B$4:$B$8,0)) -> Sangat Tinggi
A16: EG13 – Inovasi produk & bisnis | B16: 5 | C16: 4 | D16: =ROUND(INDEX(TFN_REF!$C$4:$C$8,MATCH(B16,TFN_REF!$B$4:$B$8,0)),2) -> 0.75 | E16: =ROUND(INDEX(TFN_REF!$D$4:$D$8,MATCH(B16,TFN_REF!$B$4:$B$8,0)),2) -> 1 | F16: =ROUND(INDEX(TFN_REF!$E$4:$E$8,MATCH(B16,TFN_REF!$B$4:$B$8,0)),2) -> 1 | G16: =ROUND(INDEX(TFN_REF!$C$4:$C$8,MATCH(C16,TFN_REF!$B$4:$B$8,0)),2) -> 0.5 | H16: =ROUND(INDEX(TFN_REF!$D$4:$D$8,MATCH(C16,TFN_REF!$B$4:$B$8,0)),2) -> 0.75 | I16: =ROUND(INDEX(TFN_REF!$E$4:$E$8,MATCH(C16,TFN_REF!$B$4:$B$8,0)),2) -> 1 | J16: =ROUND((D16+G16)/2,2) -> 0.63 | K16: =ROUND((E16+H16)/2,2) -> 0.88 | L16: =ROUND((F16+I16)/2,2) -> 1 | M16: =ROUND((J16+K16+L16)/3,2) -> 0.84 | N16: =ROUND(1+(M16*4),2) -> 4.36 | O16: =ROUND(N16,0) -> 4 | P16: =INDEX(TFN_REF!$F$4:$F$8,MATCH(O16,TFN_REF!$B$4:$B$8,0)) -> Tinggi

Sheet DF3
A1: Design Factor 3 — Risk Profile (Profil Risiko)
A2: Impact & Likelihood: 1=Sangat Rendah 2=Rendah 3=Sedang 4=Tinggi 5=Sangat Tinggi
A3: Skenario Risiko | B3: I-R1 | C3: I-R2 | D3: L-R1 | E3: L-R2 | F3: aav Impact | G3: bav Impact | H3: cav Impact | I3: aav Likelihood | J3: bav Likelihood | K3: cav Likelihood | L3: Impact (Bulat) | M3: Likelihood (Bulat) | N3: Risk Rating | O3: Tingkat Risiko
A4: IT Investment Decision Making | B4: 5 | C4: 3 | D4: 4 | E4: 4 | F4: =ROUND((INDEX(TFN_REF!$C$4:$C$8,MATCH(B4,TFN_REF!$B$4:$B$8,0))+INDEX(TFN_REF!$C$4:$C$8,MATCH(C4,TFN_REF!$B$4:$B$8,0)))/2,2) -> 0.5 | G4: =ROUND((INDEX(TFN_REF!$D$4:$D$8,MATCH(B4,TFN_REF!$B$4:$B$8,0))+INDEX(TFN_REF!$D$4:$D$8,MATCH(C4,TFN_REF!$B$4:$B$8,0)))/2,2) -> 0.75 | H4: =ROUND((INDEX(TFN_REF!$E$4:$E$8,MATCH(B4,TFN_REF!$B$4:$B$8,0))+INDEX(TFN_REF!$E$4:$E$8,MATCH(C4,TFN_REF!$B$4:$B$8,0)))/2,2) -> 0.88 | I4: =ROUND((INDEX(TFN_REF!$C$4:$C$8,MATCH(D4,TFN_REF!$B$4:$B$8,0))+INDEX(TFN_REF!$C$4:$C$8,MATCH(E4,TFN_REF!$B$4:$B$8,0)))/2,2) -> 0.5 | J4: =ROUND((INDEX(TFN_REF!$D$4:$D$8,MATCH(D4,TFN_REF!$B$4:$B$8,0))+INDEX(TFN_REF!$D$4:$D$8,MATCH(E4,TFN_REF!$B$4:$B$8,0)))/2,2) -> 0.75 | K4: =ROUND((INDEX(TFN_REF!$E$4:$E$8,MATCH(D4,TFN_REF!$B$4:$B$8,0))+INDEX(TFN_REF!$E$4:$E$8,MATCH(E4,TFN_REF!$B$4:$B$8,0)))/2,2) -> 1 | L4: =ROUND(1+(ROUND((F4+G4+H4)/3,2)*4),0) -> 4 | M4: =ROUND(1+(ROUND((I4+J4+K4)/3,2)*4),0) -> 4 | N4: =L4*M4 -> 16 | O4: =IF(N4>=20,"Sangat Tinggi",IF(N4>=16,"Tinggi",IF(N4>=12,"Sedang–Tinggi",IF(N4>=6,"Sedang","Rendah")))) -> Tinggi
A5: Program & Project Life Cycle Management | B5: 4 | C5: 3 | D5: 4 | E5: 3 | F5: =ROUND((INDEX(TFN_REF!$C$4:$C$8,MATCH(B5,TFN_REF!$B$4:$B$8,0))+INDEX(TFN_REF!$C$4:$C$8,MATCH(C5,TFN_REF!$B$4:$B$8,0)))/2,2) -> 0.38 | G5: =ROUND((INDEX(TFN_REF!$D$4:$D$8,MATCH(B5,TFN_REF!$B$4:$B$8,0))+INDEX(TFN_REF!$D$4:$D$8,MATCH(C5,TFN_REF!$B$4:$B$8,0)))/2,2) -> 0.63 | H5: =ROUND((INDEX(TFN_REF!$E$4:$E$8,MATCH(B5,TFN_REF!$B$4:$B$8,0))+INDEX(TFN_REF!$E$4:$E$8,MATCH(C5,TFN_REF!$B$4:$B$8,0)))/2,2) -> 0.88 | I5: =ROUND((INDEX(TFN_REF!$C$4:$C$8,MATCH(D5,TFN_REF!$B$4:$B$8,0))+INDEX(TFN_REF!$C$4:$C$8,MATCH(E5,TFN_REF!$B$4:$B$8,0)))/2,2) -> 0.38 | J5: =ROUND((INDEX(TFN_REF!$D$4:$D$8,MATCH(D5,TFN_REF!$B$4:$B$8,0))+INDEX(TFN_REF!$D$4:$D$8,MATCH(E5,TFN_REF!$B$4:$B$8,0)))/2,2) -> 0.63 | K5: =ROUND((INDEX(TFN_REF!$E$4:$E$8,MATCH(D5,TFN_REF!$B$4:$B$8,0))+INDEX(TFN_REF!$E$4:$E$8,MATCH(E5,TFN_REF!$B$4:$B$8,0)))/2,2) -> 0.88 | L5: =ROUND(1+(ROUND((F5+G5+H5)/3,2)*4),0) -> 4 | M5: =ROUND(1+(ROUND((I5+J5+K5)/3,2)*4),0) -> 4 | N5: =L5*M5 -> 16 | O5: =IF(N5>=20,"Sangat Tinggi",IF(N5>=16,"Tinggi",IF(N5>=12,"Sedang–Tinggi",IF(N5>=6,"Sedang","Rendah")))) -> Tinggi
A6: IT Cost & Oversight | B6: 3 | C6: 3 | D6: 4 | E6: 3 | F6: =ROUND((INDEX(TFN_REF!$C$4:$C$8,MATCH(B6,TFN_REF!$B$4:$B$8,0))+INDEX(TFN_REF!$C$4:$C$8,MATCH(C6,TFN_REF!$B$4:$B$8,0)))/2,2) -> 0.25 | G6: =ROUND((INDEX(TFN_REF!$D$4:$D$8,MATCH(B6,TFN_REF!$B$4:$B$8,0))+INDEX(TFN_REF!$D$4:$D$8,MATCH(C6,TFN_REF!$B$4:$B$8,0)))/2,2) -> 0.5 | H6: =ROUND((INDEX(TFN_REF!$E$4:$E$8,MATCH(B6,TFN_REF!$B$4:$B$8,0))+INDEX(TFN_REF!$E$4:$E$8,MATCH(C6,TFN_REF!$B$4:$B$8,0)))/2,2) -> 0.75 | I6: =ROUND((INDEX(TFN_REF!$C$4:$C$8,MATCH(D6,TFN_REF!$B$4:$B$8,0))+INDEX(TFN_REF!$C$4:$C$8,MATCH(E6,TFN_REF!$B$4:$B$8,0)))/2,2) -> 0.38 | J6: =ROUND((INDEX(TFN_REF!$D$4:$D$8,MATCH(D6,TFN_REF!$B$4:$B$8,0))+INDEX(TFN_REF!$D$4:$D$8,MATCH(E6,TFN_REF!$B$4:$B$8,0)))/2,2) -> 0.63 | K6: =ROUND((INDEX(TFN_REF!$E$4:$E$8,MATCH(D6,TFN_REF!$B$4:$B$8,0))+INDEX(TFN_REF!$E$4:$E$8,MATCH(E6,TFN_REF!$B$4:$B$8,0)))/2,2) -> 0.88 | L6: =ROUND(1+(ROUND((F6+G6+H6)/3,2)*4),0) -> 3 | M6: =ROUND(1+(ROUND((I6+J6+K6)/3,2)*4),0) -> 4 | N6: =L6*M6 -> 12 | O6: =IF(N6>=20,"Sangat Tinggi",IF(N6>=16,"Tinggi",IF(N6>=12,"Sedang–Tinggi",IF(N6>=6,"Sedang","Rendah")))) -> Sedang–Tinggi
A7: IT Expertise, Skills & Behavior | B7: 5 | C7: 4 | D7: 5 | E7: 2 | F7: =ROUND((INDEX(TFN_REF!$C$4:$C$8,MATCH(B7,TFN_REF!$B$4:$B$8,0))+INDEX(TFN_REF!$C$4:$C$8,MATCH(C7,TFN_REF!$B$4:$B$8,0)))/2,2) -> 0.63 | G7: =ROUND((INDEX(TFN_REF!$D$4:$D$8,MATCH(B7,TFN_REF!$B$4:$B$8,0))+INDEX(TFN_REF!$D$4:$D$8,MATCH(C7,TFN_REF!$B$4:$B$8,0)))/2,2) -> 0.88 | H7: =ROUND((INDEX(TFN_REF!$E$4:$E$8,MATCH(B7,TFN_REF!$B$4:$B$8,0))+INDEX(TFN_REF!$E$4:$E$8,MATCH(C7,TFN_REF!$B$4:$B$8,0)))/2,2) -> 1 | I7: =ROUND((INDEX(TFN_REF!$C$4:$C$8,MATCH(D7,TFN_REF!$B$4:$B$8,0))+INDEX(TFN_REF!$C$4:$C$8,MATCH(E7,TFN_REF!$B$4:$B$8,0)))/2,2) -> 0.38 | J7: =ROUND((INDEX(TFN_REF!$D$4:$D$8,MATCH(D7,TFN_REF!$B$4:$B$8,0))+INDEX(TFN_REF!$D$4:$D$8,MATCH(E7,TFN_REF!$B$4:$B$8,0)))/2,2) -> 0.63 | K7: =ROUND((INDEX(TFN_REF!$E$4:$E$8,MATCH(D7,TFN_REF!$B$4:$B$8,0))+INDEX(TFN_REF!$E$4:$E$8,MATCH(E7,TFN_REF!$B$4:$B$8,0)))/2,2) -> 0.75 | L7: =ROUND(1+(ROUND((F7+G7+H7)/3,2)*4),0) -> 4 | M7: =ROUND(1+(ROUND((I7+J7+K7)/3,2)*4),0) -> 3 | N7: =L7*M7 -> 12 | O7: =IF(N7>=20,"Sangat Tinggi",IF(N7>=16,"Tinggi",IF(N7>=12,"Sedang–Tinggi",IF(N7>=6,"Sedang","Rendah")))) -> Sedang–Tinggi
A8: Enterprise / IT Architecture | B8: 2 | C8: 3 | D8: 2 | E8: 2 | F8: =ROUND((INDEX(TFN_REF!$C$4:$C$8,MATCH(B8,TFN_REF!$B$4:$B$8,0))+INDEX(TFN_REF!$C$4:$C$8,MATCH(C8,TFN_REF!$B$4:$B$8,0)))/2,2) -> 0.13 | G8: =ROUND((INDEX(TFN_REF!$D$4:$D$8,MATCH(B8,TFN_REF!$B$4:$B$8,0))+INDEX(TFN_REF!$D$4:$D$8,MATCH(C8,TFN_REF!$B$4:$B$8,0)))/2,2) -> 0.38 | H8: =ROUND((INDEX(TFN_REF!$E$4:$E$8,MATCH(B8,TFN_REF!$B$4:$B$8,0))+INDEX(TFN_REF!$E$4:$E$8,MATCH(C8,TFN_REF!$B$4:$B$8,0)))/2,2) -> 0.63 | I8: =ROUND((INDEX(TFN_REF!$C$4:$C$8,MATCH(D8,TFN_REF!$B$4:$B$8,0))+INDEX(TFN_REF!$C$4:$C$8,MATCH(E8,TFN_REF!$B$4:$B$8,0)))/2,2) -> 0 | J8: =ROUND((INDEX(TFN_REF!$D$4:$D$8,MATCH(D8,TFN_REF!$B$4:$B$8,0))+INDEX(TFN_REF!$D$4:$D$8,MATCH(E8,TFN_REF!$B$4:$B$8,0)))/2,2) -> 0.25 | K8: =ROUND((INDEX(TFN_REF!$E$4:$E$8,MATCH(D8,TFN_REF!$B$4:$B$8,0))+INDEX(TFN_REF!$E$4:$E$8,MATCH(E8,TFN_REF!$B$4:$B$8,0)))/2,2) -> 0.5 | L8: =ROUND(1+(ROUND((F8+G8+H8)/3,2)*4),0) -> 3 | M8: =ROUND(1+(ROUND((I8+J8+K8)/3,2)*4),0) -> 2 | N8: =L8*M8 -> 6 | O8: =IF(N8>=20,"Sangat Tinggi",IF(N8>=16,"Tinggi",IF(N8>=12,"Sedang–Tinggi",IF(N8>=6,"Sedang","Rendah")))) -> Sedang
A9: IT Operational Infrastructure Incidents | B9: 5 | C9: 4 | D9: 5 | E9: 2 | F9: =ROUND((INDEX(TFN_REF!$C$4:$C$8,MATCH(B9,TFN_REF!$B$4:$B$8,0))+INDEX(TFN_REF!$C$4:$C$8,MATCH(C9,TFN_REF!$B$4:$B$8,0)))/2,2) -> 0.63 | G9: =ROUND((INDEX(TFN_REF!$D$4:$D$8,MATCH(B9,TFN_REF!$B$4:$B$8,0))+INDEX(TFN_REF!$D$4:$D$8,MATCH(C9,TFN_REF!$B$4:$B$8,0)))/2,2) -> 0.88 | H9: =ROUND((INDEX(TFN_REF!$E$4:$E$8,MATCH(B9,TFN_REF!$B$4:$B$8,0))+INDEX(TFN_REF!$E$4:$E$8,MATCH(C9,TFN_REF!$B$4:$B$8,0)))/2,2) -> 1 | I9: =ROUND((INDEX(TFN_REF!$C$4:$C$8,MATCH(D9,TFN_REF!$B$4:$B$8,0))+INDEX(TFN_REF!$C$4:$C$8,MATCH(E9,TFN_REF!$B$4:$B$8,0)))/2,2) -> 0.38 | J9: =ROUND((INDEX(TFN_REF!$D$4:$D$8,MATCH(D9,TFN_REF!$B$4:$B$8,0))+INDEX(TFN_REF!$D$4:$D$8,MATCH(E9,TFN_REF!$B$4:$B$8,0)))/2,2) -> 0.63 | K9: =ROUND((INDEX(TFN_REF!$E$4:$E$8,MATCH(D9,TFN_REF!$B$4:$B$8,0))+INDEX(TFN_REF!$E$4:$E$8,MATCH(E9,TFN_REF!$B$4:$B$8,0)))/2,2) -> 0.75 | L9: =ROUND(1+(ROUND((F9+G9+H9)/3,2)*4),0) -> 4 | M9: =ROUND(1+(ROUND((I9+J9+K9)/3,2)*4),0) -> 3 | N9: =L9*M9 -> 12 | O9: =IF(N9>=20,"Sangat Tinggi",IF(N9>=16,"Tinggi",IF(N9>=12,"Sedang–Tinggi",IF(N9>=6,"Sedang","Rendah")))) -> Sedang–Tinggi
A10: Unauthorized Actions | B10: 5 | C10: 5 | D10: 5 | E10: 3 | F10: =ROUND((INDEX(TFN_REF!$C$4:$C$8,MATCH(B10,TFN_REF!$B$4:$B$8,0))+INDEX(TFN_REF!$C$4:$C$8,MATCH(C10,TFN_REF!$B$4:$B$8,0)))/2,2) -> 0.75 | G10: =ROUND((INDEX(TFN_REF!$D$4:$D$8,MATCH(B10,TFN_REF!$B$4:$B$8,0))+INDEX(TFN_REF!$D$4:$D$8,MATCH(C10,TFN_REF!$B$4:$B$8,0)))/2,2) -> 1 | H10: =ROUND((INDEX(TFN_REF!$E$4:$E$8,MATCH(B10,TFN_REF!$B$4:$B$8,0))+INDEX(TFN_REF!$E$4:$E$8,MATCH(C10,TFN_REF!$B$4:$B$8,0)))/2,2) -> 1 | I10: =ROUND((INDEX(TFN_REF!$C$4:$C$8,MATCH(D10,TFN_REF!$B$4:$B$8,0))+INDEX(TFN_REF!$C$4:$C$8,MATCH(E10,TFN_REF!$B$4:$B$8,0)))/2,2) -> 0.5 | J10: =ROUND((INDEX(TFN_REF!$D$4:$D$8,MATCH(D10,TFN_REF!$B$4:$B$8,0))+INDEX(TFN_REF!$D$4:$D$8,MATCH(E10,TFN_REF!$B$4:$B$8,0)))/2,2) -> 0.75 | K10: =ROUND((INDEX(TFN_REF!$E$4:$E$8,MATCH(D10,TFN_REF!$B$4:$B$8,0))+INDEX(TFN_REF!$E$4:$E$8,MATCH(E10,TFN_REF!$B$4:$B$8,0)))/2,2) -> 0.88 | L10: =ROUND(1+(ROUND((F10+G10+H10)/3,2)*4),0) -> 5 | M10: =ROUND(1+(ROUND((I10+J10+K10)/3,2)*4),0) -> 4 | N10: =L10*M10 -> 20 | O10: =IF(N10>=20,"Sangat Tinggi",IF(N10>=16,"Tinggi",IF(N10>=12,"Sedang–Tinggi",IF(N10>=6,"Sedang","Rendah")))) -> Sangat Tinggi
A11: Software Adoption / Usage Problems | B11: 3 | C11: 3 | D11: 3 | E11: 4 | F11: =ROUND((INDEX(TFN_REF!$C$4:$C$8,MATCH(B11,TFN_REF!$B$4:$B$8,0))+INDEX(TFN_REF!$C$4:$C$8,MATCH(C11,TFN_REF!$B$4:$B$8,0)))/2,2) -> 0.25 | G11: =ROUND((INDEX(TFN_REF!$D$4:$D$8,MATCH(B11,TFN_REF!$B$4:$B$8,0))+INDEX(TFN_REF!$D$4:$D$8,MATCH(C11,TFN_REF!$B$4:$B$8,0)))/2,2) -> 0.5 | H11: =ROUND((INDEX(TFN_REF!$E$4:$E$8,MATCH(B11,TFN_REF!$B$4:$B$8,0))+INDEX(TFN_REF!$E$4:$E$8,MATCH(C11,TFN_REF!$B$4:$B$8,0)))/2,2) -> 0.75 | I11: =ROUND((INDEX(TFN_REF!$C$4:$C$8,MATCH(D11,TFN_REF!$B$4:$B$8,0))+INDEX(TFN_REF!$C$4:$C$8,MATCH(E11,TFN_REF!$B$4:$B$8,0)))/2,2) -> 0.38 | J11: =ROUND((INDEX(TFN_REF!$D$4:$D$8,MATCH(D11,TFN_REF!$B$4:$B$8,0))+INDEX(TFN_REF!$D$4:$D$8,MATCH(E11,TFN_REF!$B$4:$B$8,0)))/2,2) -> 0.63 | K11: =ROUND((INDEX(TFN_REF!$E$4:$E$8,MATCH(D11,TFN_REF!$B$4:$B$8,0))+INDEX(TFN_REF!$E$4:$E$8,MATCH(E11,TFN_REF!$B$4:$B$8,0)))/2,2) -> 0.88 | L11: =ROUND(1+(ROUND((F11+G11+H11)/3,2)*4),0) -> 3 | M11: =ROUND(1+(ROUND((I11+J11+K11)/3,2)*4),0) -> 4 | N11: =L11*M11 -> 12 | O11: =IF(N11>=20,"Sangat Tinggi",IF(N11>=16,"Tinggi",IF(N11>=12,"Sedang–Tinggi",IF(N11>=6,"Sedang","Rendah")))) -> Sedang–Tinggi
A12: Hardware Incidents | B12: 4 | C12: 5 | D12: 5 | E12: 3 | F12: =ROUND((INDEX(TFN_REF!$C$4:$C$8,MATCH(B12,TFN_REF!$B$4:$B$8,0))+INDEX(TFN_REF!$C$4:$C$8,MATCH(C12,TFN_REF!$B$4:$B$8,0)))/2,2) -> 0.63 | G12: =ROUND((INDEX(TFN_REF!$D$4:$D$8,MATCH(B12,TFN_REF!$B$4:$B$8,0))+INDEX(TFN_REF!$D$4:$D$8,MATCH(C12,TFN_REF!$B$4:$B$8,0)))/2,2) -> 0.88 | H12: =ROUND((INDEX(TFN_REF!$E$4:$E$8,MATCH(B12,TFN_REF!$B$4:$B$8,0))+INDEX(TFN_REF!$E$4:$E$8,MATCH(C12,TFN_REF!$B$4:$B$8,0)))/2,2) -> 1 | I12: =ROUND((INDEX(TFN_REF!$C$4:$C$8,MATCH(D12,TFN_REF!$B$4:$B$8,0))+INDEX(TFN_REF!$C$4:$C$8,MATCH(E12,TFN_REF!$B$4:$B$8,0)))/2,2) -> 0.5 | J12: =ROUND((INDEX(TFN_REF!$D$4:$D$8,MATCH(D12,TFN_REF!$B$4:$B$8,0))+INDEX(TFN_REF!$D$4:$D$8,MATCH(E12,TFN_REF!$B$4:$B$8,0)))/2,2) -> 0.75 | K12: =ROUND((INDEX(TFN_REF!$E$4:$E$8,MATCH(D12,TFN_REF!$B$4:$B$8,0))+INDEX(TFN_REF!$E$4:$E$8,MATCH(E12,TFN_REF!$B$4:$B$8,0)))/2,2) -> 0.88 | L12: =ROUND(1+(ROUND((F12+G12+H12)/3,2)*4),0) -> 4 | M12: =ROUND(1+(ROUND((I12+J12+K12)/3,2)*4),0) -> 4 | N12: =L12*M12 -> 16 | O12: =IF(N12>=20,"Sangat Tinggi",IF(N12>=16,"Tinggi",IF(N12>=12,"Sedang–Tinggi",IF(N12>=6,"Sedang","Rendah")))) -> Tinggi
A13: Software Failures | B13: 3 | C13: 4 | D13: 3 | E13: 3 | F13: =ROUND((INDEX(TFN_REF!$C$4:$C$8,MATCH(B13,TFN_REF!$B$4:$B$8,0))+INDEX(TFN_REF!$C$4:$C$8,MATCH(C13,TFN_REF!$B$4:$B$8,0)))/2,2) -> 0.38 | G13: =ROUND((INDEX(TFN_REF!$D$4:$D$8,MATCH(B13,TFN_REF!$B$4:$B$8,0))+INDEX(TFN_REF!$D$4:$D$8,MATCH(C13,TFN_REF!$B$4:$B$8,0)))/2,2) -> 0.63 | H13: =ROUND((INDEX(TFN_REF!$E$4:$E$8,MATCH(B13,TFN_REF!$B$4:$B$8,0))+INDEX(TFN_REF!$E$4:$E$8,MATCH(C13,TFN_REF!$B$4:$B$8,0)))/2,2) -> 0.88 | I13: =ROUND((INDEX(TFN_REF!$C$4:$C$8,MATCH(D13,TFN_REF!$B$4:$B$8,0))+INDEX(TFN_REF!$C$4:$C$8,MATCH(E13,TFN_REF!$B$4:$B$8,0)))/2,2) -> 0.25 | J13: =ROUND((INDEX(TFN_REF!$D$4:$D$8,MATCH(D13,TFN_REF!$B$4:$B$8,0))+INDEX(TFN_REF!$D$4:$D$8,MATCH(E13,TFN_REF!$B$4:$B$8,0)))/2,2) -> 0.5 | K13: =ROUND((INDEX(TFN_REF!$E$4:$E$8,MATCH(D13,TFN_REF!$B$4:$B$8,0))+INDEX(TFN_REF!$E$4:$E$8,MATCH(E13,TFN_REF!$B$4:$B$8,0)))/2,2) -> 0.75 | L13: =ROUND(1+(ROUND((F13+G13+H13)/3,2)*4),0) -> 4 | M13: =ROUND(1+(ROUND((I13+J13+K13)/3,2)*4),0) -> 3 | N13: =L13*M13 -> 12 | O13: =IF(N13>=20,"Sangat Tinggi",IF(N13>=16,"Tinggi",IF(N13>=12,"Sedang–Tinggi",IF(N13>=6,"Sedang","Rendah")))) -> Sedang–Tinggi
A14: Logical Attacks (Hacking, Malware) | B14: 5 | C14: 5 | D14: 4 | E14: 3 | F14: =ROUND((INDEX(TFN_REF!$C$4:$C$8,MATCH(B14,TFN_REF!$B$4:$B$8,0))+INDEX(TFN_REF!$C$4:$C$8,MATCH(C14,TFN_REF!$B$4:$B$8,0)))/2,2) -> 0.75 | G14: =ROUND((INDEX(TFN_REF!$D$4:$D$8,MATCH(B14,TFN_REF!$B$4:$B$8,0))+INDEX(TFN_REF!$D$4:$D$8,MATCH(C14,TFN_REF!$B$4:$B$8,0)))/2,2) -> 1 | H14: =ROUND((INDEX(TFN_REF!$E$4:$E$8,MATCH(B14,TFN_REF!$B$4:$B$8,0))+INDEX(TFN_REF!$E$4:$E$8,MATCH(C14,TFN_REF!$B$4:$B$8,0)))/2,2) -> 1 | I14: =ROUND((INDEX(TFN_REF!$C$4:$C$8,MATCH(D14,TFN_REF!$B$4:$B$8,0))+INDEX(TFN_REF!$C$4:$C$8,MATCH(E14,TFN_REF!$B$4:$B$8,0)))/2,2) -> 0.38 | J14: =ROUND((INDEX(TFN_REF!$D$4:$D$8,MATCH(D14,TFN_REF!$B$4:$B$8,0))+INDEX(TFN_REF!$D$4:$D$8,MATCH(E14,TFN_REF!$B$4:$B$8,0)))/2,2) -> 0.63 | K14: =ROUND((INDEX(TFN_REF!$E$4:$E$8,MATCH(D14,TFN_REF!$B$4:$B$8,0))+INDEX(TFN_REF!$E$4:$E$8,MATCH(E14,TFN_REF!$B$4:$B$8,0)))/2,2) -> 0.88 | L14: =ROUND(1+(ROUND((F14+G14+H14)/3,2)*4),0) -> 5 | M14: =ROUND(1+(ROUND((I14+J14+K14)/3,2)*4),0) -> 4 | N14: =L14*M14 -> 20 | O14: =IF(N14>=20,"Sangat Tinggi",IF(N14>=16,"Tinggi",IF(N14>=12,"Sedang–Tinggi",IF(N14>=6,"Sedang","Rendah")))) -> Sangat Tinggi
A15: Third-Party / Supplier Incidents | B15: 3 | C15: 4 | D15: 3 | E15: 3 | F15: =ROUND((INDEX(TFN_REF!$C$4:$C$8,MATCH(B15,TFN_REF!$B$4:$B$8,0))+INDEX(TFN_REF!$C$4:$C$8,MATCH(C15,TFN_REF!$B$4:$B$8,0)))/2,2) -> 0.38 | G15: =ROUND((INDEX(TFN_REF!$D$4:$D$8,MATCH(B15,TFN_REF!$B$4:$B$8,0))+INDEX(TFN_REF!$D$4:$D$8,MATCH(C15,TFN_REF!$B$4:$B$8,0)))/2,2) -> 0.63 | H15: =ROUND((INDEX(TFN_REF!$E$4:$E$8,MATCH(B15,TFN_REF!$B$4:$B$8,0))+INDEX(TFN_REF!$E$4:$E$8,MATCH(C15,TFN_REF!$B$4:$B$8,0)))/2,2) -> 0.88 | I15: =ROUND((INDEX(TFN_REF!$C$4:$C$8,MATCH(D15,TFN_REF!$B$4:$B$8,0))+INDEX(TFN_REF!$C$4:$C$8,MATCH(E15,TFN_REF!$B$4:$B$8,0)))/2,2) -> 0.25 | J15: =ROUND((INDEX(TFN_REF!$D$4:$D$8,MATCH(D15,TFN_REF!$B$4:$B$8,0))+INDEX(TFN_REF!$D$4:$D$8,MATCH(E15,TFN_REF!$B$4:$B$8,0)))/2,2) -> 0.5 | K15: =ROUND((INDEX(TFN_REF!$E$4:$E$8,MATCH(D15,TFN_REF!$B$4:$B$8,0))+INDEX(TFN_REF!$E$4:$E$8,MATCH(E15,TFN_REF!$B$4:$B$8,0)))/2,2) -> 0.75 | L15: =ROUND(1+(ROUND((F15+G15+H15)/3,2)*4),0) -> 4 | M15: =ROUND(1+(ROUND((I15+J15+K15)/3,2)*4),0) -> 3 | N15: =L15*M15 -> 12 | O15: =IF(N15>=20,"Sangat Tinggi",IF(N15>=16,"Tinggi",IF(N15>=12,"Sedang–Tinggi",IF(N15>=6,"Sedang","Rendah")))) -> Sedang–Tinggi
... A22: Data & Information Management | B22: 5 | C22: 4 | D22: 1 | E22: 4 | F22: =ROUND((INDEX(TFN_REF!$C$4:$C$8,MATCH(B22,TFN_REF!$B$4:$B$8,0))+INDEX(TFN_REF!$C$4:$C$8,MATCH(C22,TFN_REF!$B$4:$B$8,0)))/2,2) -> 0.63 | G22: =ROUND((INDEX(TFN_REF!$D$4:$D$8,MATCH(B22,TFN_REF!$B$4:$B$8,0))+INDEX(TFN_REF!$D$4:$D$8,MATCH(C22,TFN_REF!$B$4:$B$8,0)))/2,2) -> 0.88 | H22: =ROUND((INDEX(TFN_REF!$E$4:$E$8,MATCH(B22,TFN_REF!$B$4:$B$8,0))+INDEX(TFN_REF!$E$4:$E$8,MATCH(C22,TFN_REF!$B$4:$B$8,0)))/2,2) -> 1 | I22: =ROUND((INDEX(TFN_REF!$C$4:$C$8,MATCH(D22,TFN_REF!$B$4:$B$8,0))+INDEX(TFN_REF!$C$4:$C$8,MATCH(E22,TFN_REF!$B$4:$B$8,0)))/2,2) -> 0.25 | J22: =ROUND((INDEX(TFN_REF!$D$4:$D$8,MATCH(D22,TFN_REF!$B$4:$B$8,0))+INDEX(TFN_REF!$D$4:$D$8,MATCH(E22,TFN_REF!$B$4:$B$8,0)))/2,2) -> 0.38 | K22: =ROUND((INDEX(TFN_REF!$E$4:$E$8,MATCH(D22,TFN_REF!$B$4:$B$8,0))+INDEX(TFN_REF!$E$4:$E$8,MATCH(E22,TFN_REF!$B$4:$B$8,0)))/2,2) -> 0.63 | L22: =ROUND(1+(ROUND((F22+G22+H22)/3,2)*4),0) -> 4 | M22: =ROUND(1+(ROUND((I22+J22+K22)/3,2)*4),0) -> 3 | N22: =L22*M22 -> 12 | O22: =IF(N22>=20,"Sangat Tinggi",IF(N22>=16,"Tinggi",IF(N22>=12,"Sedang–Tinggi",IF(N22>=6,"Sedang","Rendah")))) -> Sedang–Tinggi

Sheet DF4
A1: Design Factor 4 — IT-Related Issues (Isu-Isu Terkait TI)
A2: Skala 1–3: 1=No Issue 2=Issue 3=Serious Issue | Rumus Nilai: 1 + (Centroid × 2)
A3: Item | B3: R1 | C3: R2 | D3: a₁ | E3: b₁ | F3: c₁ | G3: a₂ | H3: b₂ | I3: c₂ | J3: aₐᵥ (a₁+a₂)÷2 | K3: bₐᵥ (b₁+b₂)÷2 | L3: cₐᵥ (c₁+c₂)÷2 | M3: Centroid (a+b+c)÷3 | N3: Nilai Akhir 1+(C×2) | O3: Dibulatkan | P3: Label
A4: Frustration antara entitas TI dalam organisasi | B4: 1 | C4: 1 | D4: =ROUND(INDEX(TFN_REF!$C$12:$C$14,MATCH(B4,TFN_REF!$B$12:$B$14,0)),2) -> 0 | E4: =ROUND(INDEX(TFN_REF!$D$12:$D$14,MATCH(B4,TFN_REF!$B$12:$B$14,0)),2) -> 0 | F4: =ROUND(INDEX(TFN_REF!$E$12:$E$14,MATCH(B4,TFN_REF!$B$12:$B$14,0)),2) -> 0.5 | G4: =ROUND(INDEX(TFN_REF!$C$12:$C$14,MATCH(C4,TFN_REF!$B$12:$B$14,0)),2) -> 0 | H4: =ROUND(INDEX(TFN_REF!$D$12:$D$14,MATCH(C4,TFN_REF!$B$12:$B$14,0)),2) -> 0 | I4: =ROUND(INDEX(TFN_REF!$E$12:$E$14,MATCH(C4,TFN_REF!$B$12:$B$14,0)),2) -> 0.5 | J4: =ROUND((D4+G4)/2,2) -> 0 | K4: =ROUND((E4+H4)/2,2) -> 0 | L4: =ROUND((F4+I4)/2,2) -> 0.5 | M4: =ROUND((J4+K4+L4)/3,2) -> 0.17 | N4: =ROUND(1+(M4*2),2) -> 1.34 | O4: =ROUND(N4,0) -> 1 | P4: =INDEX(TFN_REF!$F$12:$F$14,MATCH(O4,TFN_REF!$B$12:$B$14,0)) -> No Issue
A5: Frustration antara dept. bisnis dan dept. TI | B5: 1 | C5: 1 | D5: =ROUND(INDEX(TFN_REF!$C$12:$C$14,MATCH(B5,TFN_REF!$B$12:$B$14,0)),2) -> 0 | E5: =ROUND(INDEX(TFN_REF!$D$12:$D$14,MATCH(B5,TFN_REF!$B$12:$B$14,0)),2) -> 0 | F5: =ROUND(INDEX(TFN_REF!$E$12:$E$14,MATCH(B5,TFN_REF!$B$12:$B$14,0)),2) -> 0.5 | G5: =ROUND(INDEX(TFN_REF!$C$12:$C$14,MATCH(C5,TFN_REF!$B$12:$B$14,0)),2) -> 0 | H5: =ROUND(INDEX(TFN_REF!$D$12:$D$14,MATCH(C5,TFN_REF!$B$12:$B$14,0)),2) -> 0 | I5: =ROUND(INDEX(TFN_REF!$E$12:$E$14,MATCH(C5,TFN_REF!$B$12:$B$14,0)),2) -> 0.5 | J5: =ROUND((D5+G5)/2,2) -> 0 | K5: =ROUND((E5+H5)/2,2) -> 0 | L5: =ROUND((F5+I5)/2,2) -> 0.5 | M5: =ROUND((J5+K5+L5)/3,2) -> 0.17 | N5: =ROUND(1+(M5*2),2) -> 1.34 | O5: =ROUND(N5,0) -> 1 | P5: =INDEX(TFN_REF!$F$12:$F$14,MATCH(O5,TFN_REF!$B$12:$B$14,0)) -> No Issue
A6: Insiden TI serius (kehilangan data, keamanan) | B6: 2 | C6: 1 | D6: =ROUND(INDEX(TFN_REF!$C$12:$C$14,MATCH(B6,TFN_REF!$B$12:$B$14,0)),2) -> 0 | E6: =ROUND(INDEX(TFN_REF!$D$12:$D$14,MATCH(B6,TFN_REF!$B$12:$B$14,0)),2) -> 0.5 | F6: =ROUND(INDEX(TFN_REF!$E$12:$E$14,MATCH(B6,TFN_REF!$B$12:$B$14,0)),2) -> 1 | G6: =ROUND(INDEX(TFN_REF!$C$12:$C$14,MATCH(C6,TFN_REF!$B$12:$B$14,0)),2) -> 0 | H6: =ROUND(INDEX(TFN_REF!$D$12:$D$14,MATCH(C6,TFN_REF!$B$12:$B$14,0)),2) -> 0 | I6: =ROUND(INDEX(TFN_REF!$E$12:$E$14,MATCH(C6,TFN_REF!$B$12:$B$14,0)),2) -> 0.5 | J6: =ROUND((D6+G6)/2,2) -> 0 | K6: =ROUND((E6+H6)/2,2) -> 0.25 | L6: =ROUND((F6+I6)/2,2) -> 0.75 | M6: =ROUND((J6+K6+L6)/3,2) -> 0.33 | N6: =ROUND(1+(M6*2),2) -> 1.66 | O6: =ROUND(N6,0) -> 2 | P6: =INDEX(TFN_REF!$F$12:$F$14,MATCH(O6,TFN_REF!$B$12:$B$14,0)) -> Issue
A7: Masalah pengiriman layanan oleh outsourcer TI | B7: 1 | C7: 2 | D7: =ROUND(INDEX(TFN_REF!$C$12:$C$14,MATCH(B7,TFN_REF!$B$12:$B$14,0)),2) -> 0 | E7: =ROUND(INDEX(TFN_REF!$D$12:$D$14,MATCH(B7,TFN_REF!$B$12:$B$14,0)),2) -> 0 | F7: =ROUND(INDEX(TFN_REF!$E$12:$E$14,MATCH(B7,TFN_REF!$B$12:$B$14,0)),2) -> 0.5 | G7: =ROUND(INDEX(TFN_REF!$C$12:$C$14,MATCH(C7,TFN_REF!$B$12:$B$14,0)),2) -> 0 | H7: =ROUND(INDEX(TFN_REF!$D$12:$D$14,MATCH(C7,TFN_REF!$B$12:$B$14,0)),2) -> 0.5 | I7: =ROUND(INDEX(TFN_REF!$E$12:$E$14,MATCH(C7,TFN_REF!$B$12:$B$14,0)),2) -> 1 | J7: =ROUND((D7+G7)/2,2) -> 0 | K7: =ROUND((E7+H7)/2,2) -> 0.25 | L7: =ROUND((F7+I7)/2,2) -> 0.75 | M7: =ROUND((J7+K7+L7)/3,2) -> 0.33 | N7: =ROUND(1+(M7*2),2) -> 1.66 | O7: =ROUND(N7,0) -> 2 | P7: =INDEX(TFN_REF!$F$12:$F$14,MATCH(O7,TFN_REF!$B$12:$B$14,0)) -> Issue
A8: Kegagalan memenuhi persyaratan regulasi TI | B8: 1 | C8: 1 | D8: =ROUND(INDEX(TFN_REF!$C$12:$C$14,MATCH(B8,TFN_REF!$B$12:$B$14,0)),2) -> 0 | E8: =ROUND(INDEX(TFN_REF!$D$12:$D$14,MATCH(B8,TFN_REF!$B$12:$B$14,0)),2) -> 0 | F8: =ROUND(INDEX(TFN_REF!$E$12:$E$14,MATCH(B8,TFN_REF!$B$12:$B$14,0)),2) -> 0.5 | G8: =ROUND(INDEX(TFN_REF!$C$12:$C$14,MATCH(C8,TFN_REF!$B$12:$B$14,0)),2) -> 0 | H8: =ROUND(INDEX(TFN_REF!$D$12:$D$14,MATCH(C8,TFN_REF!$B$12:$B$14,0)),2) -> 0 | I8: =ROUND(INDEX(TFN_REF!$E$12:$E$14,MATCH(C8,TFN_REF!$B$12:$B$14,0)),2) -> 0.5 | J8: =ROUND((D8+G8)/2,2) -> 0 | K8: =ROUND((E8+H8)/2,2) -> 0 | L8: =ROUND((F8+I8)/2,2) -> 0.5 | M8: =ROUND((J8+K8+L8)/3,2) -> 0.17 | N8: =ROUND(1+(M8*2),2) -> 1.34 | O8: =ROUND(N8,0) -> 1 | P8: =INDEX(TFN_REF!$F$12:$F$14,MATCH(O8,TFN_REF!$B$12:$B$14,0)) -> No Issue
A9: Temuan audit tentang kinerja TI yang buruk | B9: 1 | C9: 1 | D9: =ROUND(INDEX(TFN_REF!$C$12:$C$14,MATCH(B9,TFN_REF!$B$12:$B$14,0)),2) -> 0 | E9: =ROUND(INDEX(TFN_REF!$D$12:$D$14,MATCH(B9,TFN_REF!$B$12:$B$14,0)),2) -> 0 | F9: =ROUND(INDEX(TFN_REF!$E$12:$E$14,MATCH(B9,TFN_REF!$B$12:$B$14,0)),2) -> 0.5 | G9: =ROUND(INDEX(TFN_REF!$C$12:$C$14,MATCH(C9,TFN_REF!$B$12:$B$14,0)),2) -> 0 | H9: =ROUND(INDEX(TFN_REF!$D$12:$D$14,MATCH(C9,TFN_REF!$B$12:$B$14,0)),2) -> 0 | I9: =ROUND(INDEX(TFN_REF!$E$12:$E$14,MATCH(C9,TFN_REF!$B$12:$B$14,0)),2) -> 0.5 | J9: =ROUND((D9+G9)/2,2) -> 0 | K9: =ROUND((E9+H9)/2,2) -> 0 | L9: =ROUND((F9+I9)/2,2) -> 0.5 | M9: =ROUND((J9+K9+L9)/3,2) -> 0.17 | N9: =ROUND(1+(M9*2),2) -> 1.34 | O9: =ROUND(N9,0) -> 1 | P9: =INDEX(TFN_REF!$F$12:$F$14,MATCH(O9,TFN_REF!$B$12:$B$14,0)) -> No Issue
A10: Pengeluaran TI tidak resmi / tersembunyi | B10: 1 | C10: 1 | D10: =ROUND(INDEX(TFN_REF!$C$12:$C$14,MATCH(B10,TFN_REF!$B$12:$B$14,0)),2) -> 0 | E10: =ROUND(INDEX(TFN_REF!$D$12:$D$14,MATCH(B10,TFN_REF!$B$12:$B$14,0)),2) -> 0 | F10: =ROUND(INDEX(TFN_REF!$E$12:$E$14,MATCH(B10,TFN_REF!$B$12:$B$14,0)),2) -> 0.5 | G10: =ROUND(INDEX(TFN_REF!$C$12:$C$14,MATCH(C10,TFN_REF!$B$12:$B$14,0)),2) -> 0 | H10: =ROUND(INDEX(TFN_REF!$D$12:$D$14,MATCH(C10,TFN_REF!$B$12:$B$14,0)),2) -> 0 | I10: =ROUND(INDEX(TFN_REF!$E$12:$E$14,MATCH(C10,TFN_REF!$B$12:$B$14,0)),2) -> 0.5 | J10: =ROUND((D10+G10)/2,2) -> 0 | K10: =ROUND((E10+H10)/2,2) -> 0 | L10: =ROUND((F10+I10)/2,2) -> 0.5 | M10: =ROUND((J10+K10+L10)/3,2) -> 0.17 | N10: =ROUND(1+(M10*2),2) -> 1.34 | O10: =ROUND(N10,0) -> 1 | P10: =INDEX(TFN_REF!$F$12:$F$14,MATCH(O10,TFN_REF!$B$12:$B$14,0)) -> No Issue
A11: Duplikasi dan tumpang tindih inisiatif TI | B11: 1 | C11: 1 | D11: =ROUND(INDEX(TFN_REF!$C$12:$C$14,MATCH(B11,TFN_REF!$B$12:$B$14,0)),2) -> 0 | E11: =ROUND(INDEX(TFN_REF!$D$12:$D$14,MATCH(B11,TFN_REF!$B$12:$B$14,0)),2) -> 0 | F11: =ROUND(INDEX(TFN_REF!$E$12:$E$14,MATCH(B11,TFN_REF!$B$12:$B$14,0)),2) -> 0.5 | G11: =ROUND(INDEX(TFN_REF!$C$12:$C$14,MATCH(C11,TFN_REF!$B$12:$B$14,0)),2) -> 0 | H11: =ROUND(INDEX(TFN_REF!$D$12:$D$14,MATCH(C11,TFN_REF!$B$12:$B$14,0)),2) -> 0 | I11: =ROUND(INDEX(TFN_REF!$E$12:$E$14,MATCH(C11,TFN_REF!$B$12:$B$14,0)),2) -> 0.5 | J11: =ROUND((D11+G11)/2,2) -> 0 | K11: =ROUND((E11+H11)/2,2) -> 0 | L11: =ROUND((F11+I11)/2,2) -> 0.5 | M11: =ROUND((J11+K11+L11)/3,2) -> 0.17 | N11: =ROUND(1+(M11*2),2) -> 1.34 | O11: =ROUND(N11,0) -> 1 | P11: =INDEX(TFN_REF!$F$12:$F$14,MATCH(O11,TFN_REF!$B$12:$B$14,0)) -> No Issue
A12: SDM TI tidak mencukupi / kurang keahlian | B12: 3 | C12: 2 | D12: =ROUND(INDEX(TFN_REF!$C$12:$C$14,MATCH(B12,TFN_REF!$B$12:$B$14,0)),2) -> 0.5 | E12: =ROUND(INDEX(TFN_REF!$D$12:$D$14,MATCH(B12,TFN_REF!$B$12:$B$14,0)),2) -> 1 | F12: =ROUND(INDEX(TFN_REF!$E$12:$E$14,MATCH(B12,TFN_REF!$B$12:$B$14,0)),2) -> 1 | G12: =ROUND(INDEX(TFN_REF!$C$12:$C$14,MATCH(C12,TFN_REF!$B$12:$B$14,0)),2) -> 0 | H12: =ROUND(INDEX(TFN_REF!$D$12:$D$14,MATCH(C12,TFN_REF!$B$12:$B$14,0)),2) -> 0.5 | I12: =ROUND(INDEX(TFN_REF!$E$12:$E$14,MATCH(C12,TFN_REF!$B$12:$B$14,0)),2) -> 1 | J12: =ROUND((D12+G12)/2,2) -> 0.25 | K12: =ROUND((E12+H12)/2,2) -> 0.75 | L12: =ROUND((F12+I12)/2,2) -> 1 | M12: =ROUND((J12+K12+L12)/3,2) -> 0.67 | N12: =ROUND(1+(M12*2),2) -> 2.34 | O12: =ROUND(N12,0) -> 2 | P12: =INDEX(TFN_REF!$F$12:$F$14,MATCH(O12,TFN_REF!$B$12:$B$14,0)) -> Issue
A13: Perubahan TI gagal memenuhi kebutuhan bisnis | B13: 2 | C13: 2 | D13: =ROUND(INDEX(TFN_REF!$C$12:$C$14,MATCH(B13,TFN_REF!$B$12:$B$14,0)),2) -> 0 | E13: =ROUND(INDEX(TFN_REF!$D$12:$D$14,MATCH(B13,TFN_REF!$B$12:$B$14,0)),2) -> 0.5 | F13: =ROUND(INDEX(TFN_REF!$E$12:$E$14,MATCH(B13,TFN_REF!$B$12:$B$14,0)),2) -> 1 | G13: =ROUND(INDEX(TFN_REF!$C$12:$C$14,MATCH(C13,TFN_REF!$B$12:$B$14,0)),2) -> 0 | H13: =ROUND(INDEX(TFN_REF!$D$12:$D$14,MATCH(C13,TFN_REF!$B$12:$B$14,0)),2) -> 0.5 | I13: =ROUND(INDEX(TFN_REF!$E$12:$E$14,MATCH(C13,TFN_REF!$B$12:$B$14,0)),2) -> 1 | J13: =ROUND((D13+G13)/2,2) -> 0 | K13: =ROUND((E13+H13)/2,2) -> 0.5 | L13: =ROUND((F13+I13)/2,2) -> 1 | M13: =ROUND((J13+K13+L13)/3,2) -> 0.5 | N13: =ROUND(1+(M13*2),2) -> 2 | O13: =ROUND(N13,0) -> 2 | P13: =INDEX(TFN_REF!$F$12:$F$14,MATCH(O13,TFN_REF!$B$12:$B$14,0)) -> Issue
A14: Eksekutif enggan terlibat dalam keputusan TI | B14: 1 | C14: 2 | D14: =ROUND(INDEX(TFN_REF!$C$12:$C$14,MATCH(B14,TFN_REF!$B$12:$B$14,0)),2) -> 0 | E14: =ROUND(INDEX(TFN_REF!$D$12:$D$14,MATCH(B14,TFN_REF!$B$12:$B$14,0)),2) -> 0 | F14: =ROUND(INDEX(TFN_REF!$E$12:$E$14,MATCH(B14,TFN_REF!$B$12:$B$14,0)),2) -> 0.5 | G14: =ROUND(INDEX(TFN_REF!$C$12:$C$14,MATCH(C14,TFN_REF!$B$12:$B$14,0)),2) -> 0 | H14: =ROUND(INDEX(TFN_REF!$D$12:$D$14,MATCH(C14,TFN_REF!$B$12:$B$14,0)),2) -> 0.5 | I14: =ROUND(INDEX(TFN_REF!$E$12:$E$14,MATCH(C14,TFN_REF!$B$12:$B$14,0)),2) -> 1 | J14: =ROUND((D14+G14)/2,2) -> 0 | K14: =ROUND((E14+H14)/2,2) -> 0.25 | L14: =ROUND((F14+I14)/2,2) -> 0.75 | M14: =ROUND((J14+K14+L14)/3,2) -> 0.33 | N14: =ROUND(1+(M14*2),2) -> 1.66 | O14: =ROUND(N14,0) -> 2 | P14: =INDEX(TFN_REF!$F$12:$F$14,MATCH(O14,TFN_REF!$B$12:$B$14,0)) -> Issue
A15: Model operasi TI terlalu rumit | B15: 1 | C15: 2 | D15: =ROUND(INDEX(TFN_REF!$C$12:$C$14,MATCH(B15,TFN_REF!$B$12:$B$14,0)),2) -> 0 | E15: =ROUND(INDEX(TFN_REF!$D$12:$D$14,MATCH(B15,TFN_REF!$B$12:$B$14,0)),2) -> 0 | F15: =ROUND(INDEX(TFN_REF!$E$12:$E$14,MATCH(B15,TFN_REF!$B$12:$B$14,0)),2) -> 0.5 | G15: =ROUND(INDEX(TFN_REF!$C$12:$C$14,MATCH(C15,TFN_REF!$B$12:$B$14,0)),2) -> 0 | H15: =ROUND(INDEX(TFN_REF!$D$12:$D$14,MATCH(C15,TFN_REF!$B$12:$B$14,0)),2) -> 0.5 | I15: =ROUND(INDEX(TFN_REF!$E$12:$E$14,MATCH(C15,TFN_REF!$B$12:$B$14,0)),2) -> 1 | J15: =ROUND((D15+G15)/2,2) -> 0 | K15: =ROUND((E15+H15)/2,2) -> 0.25 | L15: =ROUND((F15+I15)/2,2) -> 0.75 | M15: =ROUND((J15+K15+L15)/3,2) -> 0.33 | N15: =ROUND(1+(M15*2),2) -> 1.66 | O15: =ROUND(N15,0) -> 2 | P15: =INDEX(TFN_REF!$F$12:$F$14,MATCH(O15,TFN_REF!$B$12:$B$14,0)) -> Issue
... A23: Ketidakmampuan memanfaatkan teknologi baru | B23: 1 | C23: 2 | D23: =ROUND(INDEX(TFN_REF!$C$12:$C$14,MATCH(B23,TFN_REF!$B$12:$B$14,0)),2) -> 0 | E23: =ROUND(INDEX(TFN_REF!$D$12:$D$14,MATCH(B23,TFN_REF!$B$12:$B$14,0)),2) -> 0 | F23: =ROUND(INDEX(TFN_REF!$E$12:$E$14,MATCH(B23,TFN_REF!$B$12:$B$14,0)),2) -> 0.5 | G23: =ROUND(INDEX(TFN_REF!$C$12:$C$14,MATCH(C23,TFN_REF!$B$12:$B$14,0)),2) -> 0 | H23: =ROUND(INDEX(TFN_REF!$D$12:$D$14,MATCH(C23,TFN_REF!$B$12:$B$14,0)),2) -> 0.5 | I23: =ROUND(INDEX(TFN_REF!$E$12:$E$14,MATCH(C23,TFN_REF!$B$12:$B$14,0)),2) -> 1 | J23: =ROUND((D23+G23)/2,2) -> 0 | K23: =ROUND((E23+H23)/2,2) -> 0.25 | L23: =ROUND((F23+I23)/2,2) -> 0.75 | M23: =ROUND((J23+K23+L23)/3,2) -> 0.33 | N23: =ROUND(1+(M23*2),2) -> 1.66 | O23: =ROUND(N23,0) -> 2 | P23: =INDEX(TFN_REF!$F$12:$F$14,MATCH(O23,TFN_REF!$B$12:$B$14,0)) -> Issue

Sheet DF5
A1: Design Factor 5 — Threat Landscape (Lanskap Ancaman)
A2: Kategori | B2: R1 (%) | C2: R2 (%) | D2: Rata-rata (%) | E2: Label
A3: High – Ancaman Tinggi | B3: 70 | C3: 100 | D3: =(B3+C3)/2 -> 85 | E3: =IF(D3=0,"Tidak Dipilih",IF(D3=MAX(D3:D4),"▶ Dominan",IF(D3>=75,"Sangat Tinggi",IF(D3>=50,"Tinggi","Sedang/Rendah")))) -> ▶ Dominan
A4: Normal – Ancaman Biasa | B4: 30 | C4: 0 | D4: =(B4+C4)/2 -> 15 | E4: =IF(D4=0,"Tidak Dipilih",IF(D4=MAX(D3:D4),"▶ Dominan",IF(D4>=75,"Sangat Tinggi",IF(D4>=50,"Tinggi","Sedang/Rendah")))) -> Sedang/Rendah
A5: TOTAL | B5: =SUM(B3:B4) -> 100 | C5: =SUM(C3:C4) -> 100 | D5: =SUM(D3:D4) -> 100 | E5: ✓ = 100%

Sheet DF6
A1: Design Factor 6 — Compliance Requirements (Persyaratan Kepatuhan)
A2: Kategori | B2: R1 (%) | C2: R2 (%) | D2: Rata-rata (%) | E2: Label
A3: High – Kepatuhan Sangat Ketat | B3: 100 | C3: 100 | D3: =(B3+C3)/2 -> 100 | E3: =IF(D3=0,"Tidak Dipilih",IF(D3=MAX(D3:D5),"▶ Dominan",IF(D3>=75,"Sangat Tinggi",IF(D3>=50,"Tinggi","Sedang/Rendah")))) -> ▶ Dominan
A4: Normal – Kepatuhan Biasa | B4: 0 | C4: 0 | D4: =(B4+C4)/2 -> 0 | E4: =IF(D4=0,"Tidak Dipilih",IF(D4=MAX(D3:D5),"▶ Dominan",IF(D4>=75,"Sangat Tinggi",IF(D4>=50,"Tinggi","Sedang/Rendah")))) -> Tidak Dipilih
A5: Low – Kepatuhan Rendah | B5: 0 | C5: 0 | D5: =(B5+C5)/2 -> 0 | E5: =IF(D5=0,"Tidak Dipilih",IF(D5=MAX(D3:D5),"▶ Dominan",IF(D5>=75,"Sangat Tinggi",IF(D5>=50,"Tinggi","Sedang/Rendah")))) -> Tidak Dipilih
A6: TOTAL | B6: =SUM(B3:B5) -> 100 | C6: =SUM(C3:C5) -> 100 | D6: =SUM(D3:D5) -> 100 | E6: ✓ = 100%

Sheet DF7
A1: Design Factor 7 — Role of IT (Peran TI bagi Perusahaan)
A2: Skala 1–5: 1=Sangat Rendah 2=Rendah 3=Sedang 4=Tinggi 5=Sangat Tinggi
A3: Item | B3: R1 | C3: R2 | D3: a₁ | E3: b₁ | F3: c₁ | G3: a₂ | H3: b₂ | I3: c₂ | J3: aₐᵥ (a₁+a₂)÷2 | K3: bₐᵥ (b₁+b₂)÷2 | L3: cₐᵥ (c₁+c₂)÷2 | M3: Centroid (a+b+c)÷3 | N3: Nilai Akhir 1+(C×4 atau 2) | O3: Dibulatkan | P3: Label
A4: Support – TI sebagai pendukung biasa | B4: 1 | C4: 1 | D4: =ROUND(INDEX(TFN_REF!$C$4:$C$8,MATCH(B4,TFN_REF!$B$4:$B$8,0)),2) -> 0 | E4: =ROUND(INDEX(TFN_REF!$D$4:$D$8,MATCH(B4,TFN_REF!$B$4:$B$8,0)),2) -> 0 | F4: =ROUND(INDEX(TFN_REF!$E$4:$E$8,MATCH(B4,TFN_REF!$B$4:$B$8,0)),2) -> 0.25 | G4: =ROUND(INDEX(TFN_REF!$C$4:$C$8,MATCH(C4,TFN_REF!$B$4:$B$8,0)),2) -> 0 | H4: =ROUND(INDEX(TFN_REF!$D$4:$D$8,MATCH(C4,TFN_REF!$B$4:$B$8,0)),2) -> 0 | I4: =ROUND(INDEX(TFN_REF!$E$4:$E$8,MATCH(C4,TFN_REF!$B$4:$B$8,0)),2) -> 0.25 | J4: =ROUND((D4+G4)/2,2) -> 0 | K4: =ROUND((E4+H4)/2,2) -> 0 | L4: =ROUND((F4+I4)/2,2) -> 0.25 | M4: =ROUND((J4+K4+L4)/3,2) -> 0.08 | N4: =ROUND(1+(M4*4),2) -> 1.32 | O4: =ROUND(N4,0) -> 1 | P4: =INDEX(TFN_REF!$F$4:$F$8,MATCH(O4,TFN_REF!$B$4:$B$8,0)) -> Sangat Rendah
A5: Factory – Operasional sangat bergantung TI | B5: 1 | C5: 1 | D5: =ROUND(INDEX(TFN_REF!$C$4:$C$8,MATCH(B5,TFN_REF!$B$4:$B$8,0)),2) -> 0 | E5: =ROUND(INDEX(TFN_REF!$D$4:$D$8,MATCH(B5,TFN_REF!$B$4:$B$8,0)),2) -> 0 | F5: =ROUND(INDEX(TFN_REF!$E$4:$E$8,MATCH(B5,TFN_REF!$B$4:$B$8,0)),2) -> 0.25 | G5: =ROUND(INDEX(TFN_REF!$C$4:$C$8,MATCH(C5,TFN_REF!$B$4:$B$8,0)),2) -> 0 | H5: =ROUND(INDEX(TFN_REF!$D$4:$D$8,MATCH(C5,TFN_REF!$B$4:$B$8,0)),2) -> 0 | I5: =ROUND(INDEX(TFN_REF!$E$4:$E$8,MATCH(C5,TFN_REF!$B$4:$B$8,0)),2) -> 0.25 | J5: =ROUND((D5+G5)/2,2) -> 0 | K5: =ROUND((E5+H5)/2,2) -> 0 | L5: =ROUND((F5+I5)/2,2) -> 0.25 | M5: =ROUND((J5+K5+L5)/3,2) -> 0.08 | N5: =ROUND(1+(M5*4),2) -> 1.32 | O5: =ROUND(N5,0) -> 1 | P5: =INDEX(TFN_REF!$F$4:$F$8,MATCH(O5,TFN_REF!$B$4:$B$8,0)) -> Sangat Rendah
A6: Turnaround – TI sedang bertransformasi digital | B6: 4 | C6: 4 | D6: =ROUND(INDEX(TFN_REF!$C$4:$C$8,MATCH(B6,TFN_REF!$B$4:$B$8,0)),2) -> 0.5 | E6: =ROUND(INDEX(TFN_REF!$D$4:$D$8,MATCH(B6,TFN_REF!$B$4:$B$8,0)),2) -> 0.75 | F6: =ROUND(INDEX(TFN_REF!$E$4:$E$8,MATCH(B6,TFN_REF!$B$4:$B$8,0)),2) -> 1 | G6: =ROUND(INDEX(TFN_REF!$C$4:$C$8,MATCH(C6,TFN_REF!$B$4:$B$8,0)),2) -> 0.5 | H6: =ROUND(INDEX(TFN_REF!$D$4:$D$8,MATCH(C6,TFN_REF!$B$4:$B$8,0)),2) -> 0.75 | I6: =ROUND(INDEX(TFN_REF!$E$4:$E$8,MATCH(C6,TFN_REF!$B$4:$B$8,0)),2) -> 1 | J6: =ROUND((D6+G6)/2,2) -> 0.5 | K6: =ROUND((E6+H6)/2,2) -> 0.75 | L6: =ROUND((F6+I6)/2,2) -> 1 | M6: =ROUND((J6+K6+L6)/3,2) -> 0.75 | N6: =ROUND(1+(M6*4),2) -> 4 | O6: =ROUND(N6,0) -> 4 | P6: =INDEX(TFN_REF!$F$4:$F$8,MATCH(O6,TFN_REF!$B$4:$B$8,0)) -> Tinggi
A7: Strategic – TI sebagai penggerak utama bisnis | B7: 5 | C7: 5 | D7: =ROUND(INDEX(TFN_REF!$C$4:$C$8,MATCH(B7,TFN_REF!$B$4:$B$8,0)),2) -> 0.75 | E7: =ROUND(INDEX(TFN_REF!$D$4:$D$8,MATCH(B7,TFN_REF!$B$4:$B$8,0)),2) -> 1 | F7: =ROUND(INDEX(TFN_REF!$E$4:$E$8,MATCH(B7,TFN_REF!$B$4:$B$8,0)),2) -> 1 | G7: =ROUND(INDEX(TFN_REF!$C$4:$C$8,MATCH(C7,TFN_REF!$B$4:$B$8,0)),2) -> 0.75 | H7: =ROUND(INDEX(TFN_REF!$D$4:$D$8,MATCH(C7,TFN_REF!$B$4:$B$8,0)),2) -> 1 | I7: =ROUND(INDEX(TFN_REF!$E$4:$E$8,MATCH(C7,TFN_REF!$B$4:$B$8,0)),2) -> 1 | J7: =ROUND((D7+G7)/2,2) -> 0.75 | K7: =ROUND((E7+H7)/2,2) -> 1 | L7: =ROUND((F7+I7)/2,2) -> 1 | M7: =ROUND((J7+K7+L7)/3,2) -> 0.92 | N7: =ROUND(1+(M7*4),2) -> 4.68 | O7: =ROUND(N7,0) -> 5 | P7: =INDEX(TFN_REF!$F$4:$F$8,MATCH(O7,TFN_REF!$B$4:$B$8,0)) -> Sangat Tinggi

Sheet DF8
A1: Design Factor 8 — IT Sourcing Model (Model Pengadaan TI)
A2: Kategori | B2: R1 (%) | C2: R2 (%) | D2: Rata-rata (%) | E2: Label
A3: Outsourcing – Pihak Ketiga Eksternal | B3: 0 | C3: 5 | D3: =(B3+C3)/2 -> 2.5 | E3: =IF(D3=0,"Tidak Dipilih",IF(D3=MAX(D3:D5),"▶ Dominan",IF(D3>=75,"Sangat Tinggi",IF(D3>=50,"Tinggi","Sedang/Rendah")))) -> Sedang/Rendah
A4: Cloud – Layanan Berbasis Awan | B4: 30 | C4: 30 | D4: =(B4+C4)/2 -> 30 | E4: =IF(D4=0,"Tidak Dipilih",IF(D4=MAX(D3:D5),"▶ Dominan",IF(D4>=75,"Sangat Tinggi",IF(D4>=50,"Tinggi","Sedang/Rendah")))) -> Sedang/Rendah
A5: Insourced – Dikelola Tim Internal | B5: 70 | C5: 65 | D5: =(B5+C5)/2 -> 67.5 | E5: =IF(D5=0,"Tidak Dipilih",IF(D5=MAX(D3:D5),"▶ Dominan",IF(D5>=75,"Sangat Tinggi",IF(D5>=50,"Tinggi","Sedang/Rendah")))) -> ▶ Dominan
A6: TOTAL | B6: =SUM(B3:B5) -> 100 | C6: =SUM(C3:C5) -> 100 | D6: =SUM(D3:D5) -> 100 | E6: ✓ = 100%

Sheet DF9
A1: Design Factor 9 — IT Implementation Methods (Metode Implementasi TI)
A2: Kategori | B2: R1 (%) | C2: R2 (%) | D2: Rata-rata (%) | E2: Label
A3: Agile – Iteratif & Fleksibel | B3: 0 | C3: 0 | D3: =(B3+C3)/2 -> 0 | E3: =IF(D3=0,"Tidak Dipilih",IF(D3=MAX(D3:D5),"▶ Dominan",IF(D3>=75,"Sangat Tinggi",IF(D3>=50,"Tinggi","Sedang/Rendah")))) -> Tidak Dipilih
A4: DevOps – Integrasi Dev & Operasional | B4: 0 | C4: 100 | D4: =(B4+C4)/2 -> 50 | E4: =IF(D4=0,"Tidak Dipilih",IF(D4=MAX(D3:D5),"▶ Dominan",IF(D4>=75,"Sangat Tinggi",IF(D4>=50,"Tinggi","Sedang/Rendah")))) -> ▶ Dominan
A5: Traditional / Waterfall – Konvensional | B5: 100 | C5: 0 | D5: =(B5+C5)/2 -> 50 | E5: =IF(D5=0,"Tidak Dipilih",IF(D5=MAX(D3:D5),"▶ Dominan",IF(D5>=75,"Sangat Tinggi",IF(D5>=50,"Tinggi","Sedang/Rendah")))) -> ▶ Dominan
A6: TOTAL | B6: =SUM(B3:B5) -> 100 | C6: =SUM(C3:C5) -> 100 | D6: =SUM(D3:D5) -> 100 | E6: ✓ = 100%

Sheet DF10
A1: Design Factor 10 — Technology Adoption Strategy (Strategi Adopsi Teknologi)
A2: Kategori | B2: R1 (%) | C2: R2 (%) | D2: Rata-rata (%) | E2: Label
A3: First Mover – Pelopor Teknologi Terbaru | B3: 0 | C3: 0 | D3: =(B3+C3)/2 -> 0 | E3: =IF(D3=0,"Tidak Dipilih",IF(D3=MAX(D3:D5),"▶ Dominan",IF(D3>=75,"Sangat Tinggi",IF(D3>=50,"Tinggi","Sedang/Rendah")))) -> Tidak Dipilih
A4: Follower – Mengikuti Setelah Terbukti | B4: 100 | C4: 100 | D4: =(B4+C4)/2 -> 100 | E4: =IF(D4=0,"Tidak Dipilih",IF(D4=MAX(D3:D5),"▶ Dominan",IF(D4>=75,"Sangat Tinggi",IF(D4>=50,"Tinggi","Sedang/Rendah")))) -> ▶ Dominan
A5: Slow Adopter – Sangat Lambat Mengadopsi | B5: 0 | C5: 0 | D5: =(B5+C5)/2 -> 0 | E5: =IF(D5=0,"Tidak Dipilih",IF(D5=MAX(D3:D5),"▶ Dominan",IF(D5>=75,"Sangat Tinggi",IF(D5>=50,"Tinggi","Sedang/Rendah")))) -> Tidak Dipilih
A6: TOTAL | B6: =SUM(B3:B5) -> 100 | C6: =SUM(C3:C5) -> 100 | D6: =SUM(D3:D5) -> 100 | E6: ✓ = 100%

Sheet REKAP SUMMARY
A1: Rekapitulasi Hasil Seluruh Design Factors – COBIT 2019 Fuzzy Logic UNKLAB
A2: DF | B2: Deskripsi | C2: Item / Kategori Dominan | D2: Nilai / Hasil | E2: Kategori / Label
A3: DF1 | B3: Enterprise Strategy | C3: Growth/Acquisition | D3: 5 | E3: Sangat Tinggi
A4: DF2 | B4: Enterprise Goals | C4: Sebagian besar EG (5&5) | D4: 4–5 | E4: Tinggi–Sangat Tinggi
A5: DF3 | B5: Risk Profile | C5: Software Failures, Logical Attacks | D5: 20 | E5: Sangat Tinggi
A6: DF4 | B6: IT-Related Issues | C6: SDM TI tidak mencukupi | D6: 2–3 | E6: Issue–Serious Issue
A7: DF5 | B7: Threat Landscape | C7: High – Ancaman Tinggi | D7: 85,00% | E7: Dominan
A8: DF6 | B8: Compliance Requirements | C8: High – Kepatuhan Sangat Ketat | D8: 100,00% | E8: Dominan
A9: DF7 | B9: Role of IT | C9: Strategic | D9: 5 | E9: Sangat Tinggi
A10: DF8 | B10: IT Sourcing Model | C10: Insourced – Tim Internal | D10: 67,50% | E10: Dominan
A11: DF9 | B11: IT Implementation Methods | C11: DevOps & Traditional (seimbang) | D11: 50,00% | E11: Seimbang
A12: DF10 | B12: Technology Adoption | C12: Follower | D12: 100,00% | E12: Dominan
